GEOID,NAME
47157,"Shelby County, Tennessee"
47157000100,"Census Tract 1, Shelby County, Tennessee"
471570001001,"Block Group 1, Census Tract 1, Shelby County, Tennessee"
471570001002,"Block Group 2, Census Tract 1, Shelby County, Tennessee"
471570001003,"Block Group 3, Census Tract 1, Shelby County, Tennessee"
47157000200,"Census Tract 2, Shelby County, Tennessee"
471570002001,"Block Group 1, Census Tract 2, Shelby County, Tennessee"
47157000300,"Census Tract 3, Shelby County, Tennessee"
471570003001,"Block Group 1, Census Tract 3, Shelby County, Tennessee"
47157000400,"Census Tract 4, Shelby County, Tennessee"
471570004001,"Block Group 1, Census Tract 4, Shelby County, Tennessee"
471570004002,"Block Group 2, Census Tract 4, Shelby County, Tennessee"
47157000600,"Census Tract 6, Shelby County, Tennessee"
471570006001,"Block Group 1, Census Tract 6, Shelby County, Tennessee"
471570006002,"Block Group 2, Census Tract 6, Shelby County, Tennessee"
47157000700,"Census Tract 7, Shelby County, Tennessee"
471570007001,"Block Group 1, Census Tract 7, Shelby County, Tennessee"
471570007002,"Block Group 2, Census Tract 7, Shelby County, Tennessee"
471570007003,"Block Group 3, Census Tract 7, Shelby County, Tennessee"
471570007004,"Block Group 4, Census Tract 7, Shelby County, Tennessee"
47157000800,"Census Tract 8, Shelby County, Tennessee"
471570008001,"Block Group 1, Census Tract 8, Shelby County, Tennessee"
471570008002,"Block Group 2, Census Tract 8, Shelby County, Tennessee"
471570008003,"Block Group 3, Census Tract 8, Shelby County, Tennessee"
47157000900,"Census Tract 9, Shelby County, Tennessee"
471570009001,"Block Group 1, Census Tract 9, Shelby County, Tennessee"
471570009002,"Block Group 2, Census Tract 9, Shelby County, Tennessee"
471570009003,"Block Group 3, Census Tract 9, Shelby County, Tennessee"
47157001100,"Census Tract 11, Shelby County, Tennessee"
471570011001,"Block Group 1, Census Tract 11, Shelby County, Tennessee"
471570011002,"Block Group 2, Census Tract 11, Shelby County, Tennessee"
471570011003,"Block Group 3, Census Tract 11, Shelby County, Tennessee"
47157001200,"Census Tract 12, Shelby County, Tennessee"
471570012001,"Block Group 1, Census Tract 12, Shelby County, Tennessee"
471570012002,"Block Group 2, Census Tract 12, Shelby County, Tennessee"
471570012003,"Block Group 3, Census Tract 12, Shelby County, Tennessee"
47157001300,"Census Tract 13, Shelby County, Tennessee"
471570013001,"Block Group 1, Census Tract 13, Shelby County, Tennessee"
471570013002,"Block Group 2, Census Tract 13, Shelby County, Tennessee"
471570013003,"Block Group 3, Census Tract 13, Shelby County, Tennessee"
471570013004,"Block Group 4, Census Tract 13, Shelby County, Tennessee"
47157001400,"Census Tract 14, Shelby County, Tennessee"
471570014001,"Block Group 1, Census Tract 14, Shelby County, Tennessee"
47157001500,"Census Tract 15, Shelby County, Tennessee"
471570015001,"Block Group 1, Census Tract 15, Shelby County, Tennessee"
471570015002,"Block Group 2, Census Tract 15, Shelby County, Tennessee"
47157001600,"Census Tract 16, Shelby County, Tennessee"
471570016001,"Block Group 1, Census Tract 16, Shelby County, Tennessee"
471570016002,"Block Group 2, Census Tract 16, Shelby County, Tennessee"
47157001700,"Census Tract 17, Shelby County, Tennessee"
471570017001,"Block Group 1, Census Tract 17, Shelby County, Tennessee"
471570017002,"Block Group 2, Census Tract 17, Shelby County, Tennessee"
471570017003,"Block Group 3, Census Tract 17, Shelby County, Tennessee"
47157001900,"Census Tract 19, Shelby County, Tennessee"
471570019001,"Block Group 1, Census Tract 19, Shelby County, Tennessee"
471570019002,"Block Group 2, Census Tract 19, Shelby County, Tennessee"
47157002000,"Census Tract 20, Shelby County, Tennessee"
471570020001,"Block Group 1, Census Tract 20, Shelby County, Tennessee"
471570020002,"Block Group 2, Census Tract 20, Shelby County, Tennessee"
47157002100,"Census Tract 21, Shelby County, Tennessee"
471570021001,"Block Group 1, Census Tract 21, Shelby County, Tennessee"
47157002400,"Census Tract 24, Shelby County, Tennessee"
471570024001,"Block Group 1, Census Tract 24, Shelby County, Tennessee"
471570024002,"Block Group 2, Census Tract 24, Shelby County, Tennessee"
471570024003,"Block Group 3, Census Tract 24, Shelby County, Tennessee"
47157002500,"Census Tract 25, Shelby County, Tennessee"
471570025001,"Block Group 1, Census Tract 25, Shelby County, Tennessee"
471570025002,"Block Group 2, Census Tract 25, Shelby County, Tennessee"
47157002600,"Census Tract 26, Shelby County, Tennessee"
471570026001,"Block Group 1, Census Tract 26, Shelby County, Tennessee"
471570026002,"Block Group 2, Census Tract 26, Shelby County, Tennessee"
47157002700,"Census Tract 27, Shelby County, Tennessee"
471570027001,"Block Group 1, Census Tract 27, Shelby County, Tennessee"
471570027002,"Block Group 2, Census Tract 27, Shelby County, Tennessee"
47157002800,"Census Tract 28, Shelby County, Tennessee"
471570028001,"Block Group 1, Census Tract 28, Shelby County, Tennessee"
471570028002,"Block Group 2, Census Tract 28, Shelby County, Tennessee"
471570028003,"Block Group 3, Census Tract 28, Shelby County, Tennessee"
47157002900,"Census Tract 29, Shelby County, Tennessee"
471570029001,"Block Group 1, Census Tract 29, Shelby County, Tennessee"
471570029002,"Block Group 2, Census Tract 29, Shelby County, Tennessee"
471570029003,"Block Group 3, Census Tract 29, Shelby County, Tennessee"
471570029004,"Block Group 4, Census Tract 29, Shelby County, Tennessee"
471570029005,"Block Group 5, Census Tract 29, Shelby County, Tennessee"
47157003000,"Census Tract 30, Shelby County, Tennessee"
471570030001,"Block Group 1, Census Tract 30, Shelby County, Tennessee"
471570030002,"Block Group 2, Census Tract 30, Shelby County, Tennessee"
471570030003,"Block Group 3, Census Tract 30, Shelby County, Tennessee"
47157003100,"Census Tract 31, Shelby County, Tennessee"
471570031001,"Block Group 1, Census Tract 31, Shelby County, Tennessee"
471570031002,"Block Group 2, Census Tract 31, Shelby County, Tennessee"
471570031003,"Block Group 3, Census Tract 31, Shelby County, Tennessee"
471570031004,"Block Group 4, Census Tract 31, Shelby County, Tennessee"
47157003200,"Census Tract 32, Shelby County, Tennessee"
471570032001,"Block Group 1, Census Tract 32, Shelby County, Tennessee"
471570032002,"Block Group 2, Census Tract 32, Shelby County, Tennessee"
471570032003,"Block Group 3, Census Tract 32, Shelby County, Tennessee"
47157003300,"Census Tract 33, Shelby County, Tennessee"
471570033001,"Block Group 1, Census Tract 33, Shelby County, Tennessee"
471570033002,"Block Group 2, Census Tract 33, Shelby County, Tennessee"
47157003400,"Census Tract 34, Shelby County, Tennessee"
471570034001,"Block Group 1, Census Tract 34, Shelby County, Tennessee"
471570034002,"Block Group 2, Census Tract 34, Shelby County, Tennessee"
47157003500,"Census Tract 35, Shelby County, Tennessee"
471570035001,"Block Group 1, Census Tract 35, Shelby County, Tennessee"
471570035002,"Block Group 2, Census Tract 35, Shelby County, Tennessee"
471570035003,"Block Group 3, Census Tract 35, Shelby County, Tennessee"
47157003600,"Census Tract 36, Shelby County, Tennessee"
471570036001,"Block Group 1, Census Tract 36, Shelby County, Tennessee"
471570036002,"Block Group 2, Census Tract 36, Shelby County, Tennessee"
47157003700,"Census Tract 37, Shelby County, Tennessee"
471570037001,"Block Group 1, Census Tract 37, Shelby County, Tennessee"
471570037002,"Block Group 2, Census Tract 37, Shelby County, Tennessee"
47157003800,"Census Tract 38, Shelby County, Tennessee"
471570038001,"Block Group 1, Census Tract 38, Shelby County, Tennessee"
47157003900,"Census Tract 39, Shelby County, Tennessee"
471570039001,"Block Group 1, Census Tract 39, Shelby County, Tennessee"
47157004200,"Census Tract 42, Shelby County, Tennessee"
471570042001,"Block Group 1, Census Tract 42, Shelby County, Tennessee"
471570042002,"Block Group 2, Census Tract 42, Shelby County, Tennessee"
471570042003,"Block Group 3, Census Tract 42, Shelby County, Tennessee"
47157004300,"Census Tract 43, Shelby County, Tennessee"
471570043001,"Block Group 1, Census Tract 43, Shelby County, Tennessee"
471570043002,"Block Group 2, Census Tract 43, Shelby County, Tennessee"
47157004500,"Census Tract 45, Shelby County, Tennessee"
471570045001,"Block Group 1, Census Tract 45, Shelby County, Tennessee"
47157004600,"Census Tract 46, Shelby County, Tennessee"
471570046001,"Block Group 1, Census Tract 46, Shelby County, Tennessee"
471570046002,"Block Group 2, Census Tract 46, Shelby County, Tennessee"
47157005000,"Census Tract 50, Shelby County, Tennessee"
471570050001,"Block Group 1, Census Tract 50, Shelby County, Tennessee"
471570050002,"Block Group 2, Census Tract 50, Shelby County, Tennessee"
47157005300,"Census Tract 53, Shelby County, Tennessee"
471570053001,"Block Group 1, Census Tract 53, Shelby County, Tennessee"
471570053002,"Block Group 2, Census Tract 53, Shelby County, Tennessee"
471570053003,"Block Group 3, Census Tract 53, Shelby County, Tennessee"
47157005500,"Census Tract 55, Shelby County, Tennessee"
471570055001,"Block Group 1, Census Tract 55, Shelby County, Tennessee"
471570055002,"Block Group 2, Census Tract 55, Shelby County, Tennessee"
471570055003,"Block Group 3, Census Tract 55, Shelby County, Tennessee"
47157005600,"Census Tract 56, Shelby County, Tennessee"
471570056001,"Block Group 1, Census Tract 56, Shelby County, Tennessee"
471570056002,"Block Group 2, Census Tract 56, Shelby County, Tennessee"
471570056003,"Block Group 3, Census Tract 56, Shelby County, Tennessee"
47157005700,"Census Tract 57, Shelby County, Tennessee"
471570057001,"Block Group 1, Census Tract 57, Shelby County, Tennessee"
471570057002,"Block Group 2, Census Tract 57, Shelby County, Tennessee"
47157005800,"Census Tract 58, Shelby County, Tennessee"
471570058001,"Block Group 1, Census Tract 58, Shelby County, Tennessee"
471570058002,"Block Group 2, Census Tract 58, Shelby County, Tennessee"
47157005900,"Census Tract 59, Shelby County, Tennessee"
471570059001,"Block Group 1, Census Tract 59, Shelby County, Tennessee"
471570059002,"Block Group 2, Census Tract 59, Shelby County, Tennessee"
471570059003,"Block Group 3, Census Tract 59, Shelby County, Tennessee"
47157006000,"Census Tract 60, Shelby County, Tennessee"
471570060001,"Block Group 1, Census Tract 60, Shelby County, Tennessee"
471570060002,"Block Group 2, Census Tract 60, Shelby County, Tennessee"
47157006200,"Census Tract 62, Shelby County, Tennessee"
471570062001,"Block Group 1, Census Tract 62, Shelby County, Tennessee"
471570062002,"Block Group 2, Census Tract 62, Shelby County, Tennessee"
47157006300,"Census Tract 63, Shelby County, Tennessee"
471570063001,"Block Group 1, Census Tract 63, Shelby County, Tennessee"
471570063002,"Block Group 2, Census Tract 63, Shelby County, Tennessee"
471570063003,"Block Group 3, Census Tract 63, Shelby County, Tennessee"
47157006400,"Census Tract 64, Shelby County, Tennessee"
471570064001,"Block Group 1, Census Tract 64, Shelby County, Tennessee"
47157006500,"Census Tract 65, Shelby County, Tennessee"
471570065001,"Block Group 1, Census Tract 65, Shelby County, Tennessee"
471570065002,"Block Group 2, Census Tract 65, Shelby County, Tennessee"
47157006600,"Census Tract 66, Shelby County, Tennessee"
471570066001,"Block Group 1, Census Tract 66, Shelby County, Tennessee"
471570066002,"Block Group 2, Census Tract 66, Shelby County, Tennessee"
47157006700,"Census Tract 67, Shelby County, Tennessee"
471570067001,"Block Group 1, Census Tract 67, Shelby County, Tennessee"
471570067002,"Block Group 2, Census Tract 67, Shelby County, Tennessee"
471570067003,"Block Group 3, Census Tract 67, Shelby County, Tennessee"
471570067004,"Block Group 4, Census Tract 67, Shelby County, Tennessee"
47157006800,"Census Tract 68, Shelby County, Tennessee"
471570068001,"Block Group 1, Census Tract 68, Shelby County, Tennessee"
471570068002,"Block Group 2, Census Tract 68, Shelby County, Tennessee"
471570068003,"Block Group 3, Census Tract 68, Shelby County, Tennessee"
47157006900,"Census Tract 69, Shelby County, Tennessee"
471570069001,"Block Group 1, Census Tract 69, Shelby County, Tennessee"
471570069002,"Block Group 2, Census Tract 69, Shelby County, Tennessee"
471570069003,"Block Group 3, Census Tract 69, Shelby County, Tennessee"
47157007000,"Census Tract 70, Shelby County, Tennessee"
471570070001,"Block Group 1, Census Tract 70, Shelby County, Tennessee"
471570070002,"Block Group 2, Census Tract 70, Shelby County, Tennessee"
471570070003,"Block Group 3, Census Tract 70, Shelby County, Tennessee"
47157007100,"Census Tract 71, Shelby County, Tennessee"
471570071001,"Block Group 1, Census Tract 71, Shelby County, Tennessee"
471570071002,"Block Group 2, Census Tract 71, Shelby County, Tennessee"
47157007200,"Census Tract 72, Shelby County, Tennessee"
471570072001,"Block Group 1, Census Tract 72, Shelby County, Tennessee"
471570072002,"Block Group 2, Census Tract 72, Shelby County, Tennessee"
47157007300,"Census Tract 73, Shelby County, Tennessee"
471570073001,"Block Group 1, Census Tract 73, Shelby County, Tennessee"
471570073002,"Block Group 2, Census Tract 73, Shelby County, Tennessee"
471570073003,"Block Group 3, Census Tract 73, Shelby County, Tennessee"
47157007400,"Census Tract 74, Shelby County, Tennessee"
471570074001,"Block Group 1, Census Tract 74, Shelby County, Tennessee"
471570074002,"Block Group 2, Census Tract 74, Shelby County, Tennessee"
47157007500,"Census Tract 75, Shelby County, Tennessee"
471570075001,"Block Group 1, Census Tract 75, Shelby County, Tennessee"
471570075002,"Block Group 2, Census Tract 75, Shelby County, Tennessee"
47157007810,"Census Tract 78.10, Shelby County, Tennessee"
471570078101,"Block Group 1, Census Tract 78.10, Shelby County, Tennessee"
471570078102,"Block Group 2, Census Tract 78.10, Shelby County, Tennessee"
471570078103,"Block Group 3, Census Tract 78.10, Shelby County, Tennessee"
47157007821,"Census Tract 78.21, Shelby County, Tennessee"
471570078211,"Block Group 1, Census Tract 78.21, Shelby County, Tennessee"
471570078212,"Block Group 2, Census Tract 78.21, Shelby County, Tennessee"
471570078213,"Block Group 3, Census Tract 78.21, Shelby County, Tennessee"
471570078214,"Block Group 4, Census Tract 78.21, Shelby County, Tennessee"
471570078215,"Block Group 5, Census Tract 78.21, Shelby County, Tennessee"
47157007822,"Census Tract 78.22, Shelby County, Tennessee"
471570078221,"Block Group 1, Census Tract 78.22, Shelby County, Tennessee"
47157007900,"Census Tract 79, Shelby County, Tennessee"
471570079001,"Block Group 1, Census Tract 79, Shelby County, Tennessee"
471570079002,"Block Group 2, Census Tract 79, Shelby County, Tennessee"
471570079003,"Block Group 3, Census Tract 79, Shelby County, Tennessee"
471570079004,"Block Group 4, Census Tract 79, Shelby County, Tennessee"
471570079005,"Block Group 5, Census Tract 79, Shelby County, Tennessee"
47157008000,"Census Tract 80, Shelby County, Tennessee"
471570080001,"Block Group 1, Census Tract 80, Shelby County, Tennessee"
471570080002,"Block Group 2, Census Tract 80, Shelby County, Tennessee"
471570080003,"Block Group 3, Census Tract 80, Shelby County, Tennessee"
471570080004,"Block Group 4, Census Tract 80, Shelby County, Tennessee"
47157008110,"Census Tract 81.10, Shelby County, Tennessee"
471570081101,"Block Group 1, Census Tract 81.10, Shelby County, Tennessee"
471570081102,"Block Group 2, Census Tract 81.10, Shelby County, Tennessee"
471570081103,"Block Group 3, Census Tract 81.10, Shelby County, Tennessee"
47157008120,"Census Tract 81.20, Shelby County, Tennessee"
471570081201,"Block Group 1, Census Tract 81.20, Shelby County, Tennessee"
471570081202,"Block Group 2, Census Tract 81.20, Shelby County, Tennessee"
471570081203,"Block Group 3, Census Tract 81.20, Shelby County, Tennessee"
471570081204,"Block Group 4, Census Tract 81.20, Shelby County, Tennessee"
47157008200,"Census Tract 82, Shelby County, Tennessee"
471570082001,"Block Group 1, Census Tract 82, Shelby County, Tennessee"
471570082002,"Block Group 2, Census Tract 82, Shelby County, Tennessee"
471570082003,"Block Group 3, Census Tract 82, Shelby County, Tennessee"
471570082004,"Block Group 4, Census Tract 82, Shelby County, Tennessee"
471570082005,"Block Group 5, Census Tract 82, Shelby County, Tennessee"
47157008500,"Census Tract 85, Shelby County, Tennessee"
471570085001,"Block Group 1, Census Tract 85, Shelby County, Tennessee"
471570085002,"Block Group 2, Census Tract 85, Shelby County, Tennessee"
47157008600,"Census Tract 86, Shelby County, Tennessee"
471570086001,"Block Group 1, Census Tract 86, Shelby County, Tennessee"
471570086002,"Block Group 2, Census Tract 86, Shelby County, Tennessee"
471570086003,"Block Group 3, Census Tract 86, Shelby County, Tennessee"
47157008700,"Census Tract 87, Shelby County, Tennessee"
471570087001,"Block Group 1, Census Tract 87, Shelby County, Tennessee"
471570087002,"Block Group 2, Census Tract 87, Shelby County, Tennessee"
471570087003,"Block Group 3, Census Tract 87, Shelby County, Tennessee"
471570087004,"Block Group 4, Census Tract 87, Shelby County, Tennessee"
47157008800,"Census Tract 88, Shelby County, Tennessee"
471570088001,"Block Group 1, Census Tract 88, Shelby County, Tennessee"
471570088002,"Block Group 2, Census Tract 88, Shelby County, Tennessee"
471570088003,"Block Group 3, Census Tract 88, Shelby County, Tennessee"
471570088004,"Block Group 4, Census Tract 88, Shelby County, Tennessee"
47157008900,"Census Tract 89, Shelby County, Tennessee"
471570089001,"Block Group 1, Census Tract 89, Shelby County, Tennessee"
471570089002,"Block Group 2, Census Tract 89, Shelby County, Tennessee"
471570089003,"Block Group 3, Census Tract 89, Shelby County, Tennessee"
47157009100,"Census Tract 91, Shelby County, Tennessee"
471570091001,"Block Group 1, Census Tract 91, Shelby County, Tennessee"
471570091002,"Block Group 2, Census Tract 91, Shelby County, Tennessee"
47157009201,"Census Tract 92.01, Shelby County, Tennessee"
471570092011,"Block Group 1, Census Tract 92.01, Shelby County, Tennessee"
471570092012,"Block Group 2, Census Tract 92.01, Shelby County, Tennessee"
471570092013,"Block Group 3, Census Tract 92.01, Shelby County, Tennessee"
47157009202,"Census Tract 92.02, Shelby County, Tennessee"
471570092021,"Block Group 1, Census Tract 92.02, Shelby County, Tennessee"
471570092022,"Block Group 2, Census Tract 92.02, Shelby County, Tennessee"
47157009300,"Census Tract 93, Shelby County, Tennessee"
471570093001,"Block Group 1, Census Tract 93, Shelby County, Tennessee"
471570093002,"Block Group 2, Census Tract 93, Shelby County, Tennessee"
471570093003,"Block Group 3, Census Tract 93, Shelby County, Tennessee"
47157009400,"Census Tract 94, Shelby County, Tennessee"
471570094001,"Block Group 1, Census Tract 94, Shelby County, Tennessee"
471570094002,"Block Group 2, Census Tract 94, Shelby County, Tennessee"
47157009501,"Census Tract 95.01, Shelby County, Tennessee"
471570095011,"Block Group 1, Census Tract 95.01, Shelby County, Tennessee"
471570095012,"Block Group 2, Census Tract 95.01, Shelby County, Tennessee"
47157009502,"Census Tract 95.02, Shelby County, Tennessee"
471570095021,"Block Group 1, Census Tract 95.02, Shelby County, Tennessee"
471570095022,"Block Group 2, Census Tract 95.02, Shelby County, Tennessee"
47157009600,"Census Tract 96, Shelby County, Tennessee"
471570096001,"Block Group 1, Census Tract 96, Shelby County, Tennessee"
471570096002,"Block Group 2, Census Tract 96, Shelby County, Tennessee"
471570096003,"Block Group 3, Census Tract 96, Shelby County, Tennessee"
471570096004,"Block Group 4, Census Tract 96, Shelby County, Tennessee"
47157009700,"Census Tract 97, Shelby County, Tennessee"
471570097001,"Block Group 1, Census Tract 97, Shelby County, Tennessee"
471570097002,"Block Group 2, Census Tract 97, Shelby County, Tennessee"
47157009800,"Census Tract 98, Shelby County, Tennessee"
471570098001,"Block Group 1, Census Tract 98, Shelby County, Tennessee"
471570098002,"Block Group 2, Census Tract 98, Shelby County, Tennessee"
47157009901,"Census Tract 99.01, Shelby County, Tennessee"
471570099011,"Block Group 1, Census Tract 99.01, Shelby County, Tennessee"
471570099012,"Block Group 2, Census Tract 99.01, Shelby County, Tennessee"
471570099013,"Block Group 3, Census Tract 99.01, Shelby County, Tennessee"
47157009902,"Census Tract 99.02, Shelby County, Tennessee"
471570099021,"Block Group 1, Census Tract 99.02, Shelby County, Tennessee"
471570099022,"Block Group 2, Census Tract 99.02, Shelby County, Tennessee"
471570099023,"Block Group 3, Census Tract 99.02, Shelby County, Tennessee"
47157010001,"Census Tract 100.01, Shelby County, Tennessee"
471570100011,"Block Group 1, Census Tract 100.01, Shelby County, Tennessee"
471570100012,"Block Group 2, Census Tract 100.01, Shelby County, Tennessee"
47157010002,"Census Tract 100.02, Shelby County, Tennessee"
471570100021,"Block Group 1, Census Tract 100.02, Shelby County, Tennessee"
471570100022,"Block Group 2, Census Tract 100.02, Shelby County, Tennessee"
471570100023,"Block Group 3, Census Tract 100.02, Shelby County, Tennessee"
47157010120,"Census Tract 101.20, Shelby County, Tennessee"
471570101201,"Block Group 1, Census Tract 101.20, Shelby County, Tennessee"
471570101202,"Block Group 2, Census Tract 101.20, Shelby County, Tennessee"
471570101203,"Block Group 3, Census Tract 101.20, Shelby County, Tennessee"
471570101204,"Block Group 4, Census Tract 101.20, Shelby County, Tennessee"
471570101205,"Block Group 5, Census Tract 101.20, Shelby County, Tennessee"
47157010121,"Census Tract 101.21, Shelby County, Tennessee"
471570101211,"Block Group 1, Census Tract 101.21, Shelby County, Tennessee"
471570101212,"Block Group 2, Census Tract 101.21, Shelby County, Tennessee"
471570101213,"Block Group 3, Census Tract 101.21, Shelby County, Tennessee"
47157010122,"Census Tract 101.22, Shelby County, Tennessee"
471570101221,"Block Group 1, Census Tract 101.22, Shelby County, Tennessee"
471570101222,"Block Group 2, Census Tract 101.22, Shelby County, Tennessee"
471570101223,"Block Group 3, Census Tract 101.22, Shelby County, Tennessee"
47157010210,"Census Tract 102.10, Shelby County, Tennessee"
471570102101,"Block Group 1, Census Tract 102.10, Shelby County, Tennessee"
471570102102,"Block Group 2, Census Tract 102.10, Shelby County, Tennessee"
471570102103,"Block Group 3, Census Tract 102.10, Shelby County, Tennessee"
471570102104,"Block Group 4, Census Tract 102.10, Shelby County, Tennessee"
47157010220,"Census Tract 102.20, Shelby County, Tennessee"
471570102201,"Block Group 1, Census Tract 102.20, Shelby County, Tennessee"
471570102202,"Block Group 2, Census Tract 102.20, Shelby County, Tennessee"
471570102203,"Block Group 3, Census Tract 102.20, Shelby County, Tennessee"
471570102204,"Block Group 4, Census Tract 102.20, Shelby County, Tennessee"
471570102205,"Block Group 5, Census Tract 102.20, Shelby County, Tennessee"
471570102206,"Block Group 6, Census Tract 102.20, Shelby County, Tennessee"
47157010300,"Census Tract 103, Shelby County, Tennessee"
471570103001,"Block Group 1, Census Tract 103, Shelby County, Tennessee"
47157010500,"Census Tract 105, Shelby County, Tennessee"
471570105001,"Block Group 1, Census Tract 105, Shelby County, Tennessee"
471570105002,"Block Group 2, Census Tract 105, Shelby County, Tennessee"
47157010610,"Census Tract 106.10, Shelby County, Tennessee"
471570106101,"Block Group 1, Census Tract 106.10, Shelby County, Tennessee"
471570106102,"Block Group 2, Census Tract 106.10, Shelby County, Tennessee"
471570106103,"Block Group 3, Census Tract 106.10, Shelby County, Tennessee"
471570106104,"Block Group 4, Census Tract 106.10, Shelby County, Tennessee"
471570106105,"Block Group 5, Census Tract 106.10, Shelby County, Tennessee"
47157010620,"Census Tract 106.20, Shelby County, Tennessee"
471570106201,"Block Group 1, Census Tract 106.20, Shelby County, Tennessee"
471570106202,"Block Group 2, Census Tract 106.20, Shelby County, Tennessee"
471570106203,"Block Group 3, Census Tract 106.20, Shelby County, Tennessee"
47157010630,"Census Tract 106.30, Shelby County, Tennessee"
471570106301,"Block Group 1, Census Tract 106.30, Shelby County, Tennessee"
471570106302,"Block Group 2, Census Tract 106.30, Shelby County, Tennessee"
471570106303,"Block Group 3, Census Tract 106.30, Shelby County, Tennessee"
47157010710,"Census Tract 107.10, Shelby County, Tennessee"
471570107101,"Block Group 1, Census Tract 107.10, Shelby County, Tennessee"
471570107102,"Block Group 2, Census Tract 107.10, Shelby County, Tennessee"
471570107103,"Block Group 3, Census Tract 107.10, Shelby County, Tennessee"
47157010720,"Census Tract 107.20, Shelby County, Tennessee"
471570107201,"Block Group 1, Census Tract 107.20, Shelby County, Tennessee"
471570107202,"Block Group 2, Census Tract 107.20, Shelby County, Tennessee"
471570107203,"Block Group 3, Census Tract 107.20, Shelby County, Tennessee"
47157010810,"Census Tract 108.10, Shelby County, Tennessee"
471570108101,"Block Group 1, Census Tract 108.10, Shelby County, Tennessee"
471570108102,"Block Group 2, Census Tract 108.10, Shelby County, Tennessee"
471570108103,"Block Group 3, Census Tract 108.10, Shelby County, Tennessee"
471570108104,"Block Group 4, Census Tract 108.10, Shelby County, Tennessee"
47157010820,"Census Tract 108.20, Shelby County, Tennessee"
471570108201,"Block Group 1, Census Tract 108.20, Shelby County, Tennessee"
471570108202,"Block Group 2, Census Tract 108.20, Shelby County, Tennessee"
471570108203,"Block Group 3, Census Tract 108.20, Shelby County, Tennessee"
471570108204,"Block Group 4, Census Tract 108.20, Shelby County, Tennessee"
47157011010,"Census Tract 110.10, Shelby County, Tennessee"
471570110101,"Block Group 1, Census Tract 110.10, Shelby County, Tennessee"
471570110102,"Block Group 2, Census Tract 110.10, Shelby County, Tennessee"
471570110103,"Block Group 3, Census Tract 110.10, Shelby County, Tennessee"
47157011020,"Census Tract 110.20, Shelby County, Tennessee"
471570110201,"Block Group 1, Census Tract 110.20, Shelby County, Tennessee"
471570110202,"Block Group 2, Census Tract 110.20, Shelby County, Tennessee"
47157011100,"Census Tract 111, Shelby County, Tennessee"
471570111001,"Block Group 1, Census Tract 111, Shelby County, Tennessee"
471570111002,"Block Group 2, Census Tract 111, Shelby County, Tennessee"
47157011200,"Census Tract 112, Shelby County, Tennessee"
471570112001,"Block Group 1, Census Tract 112, Shelby County, Tennessee"
471570112002,"Block Group 2, Census Tract 112, Shelby County, Tennessee"
471570112003,"Block Group 3, Census Tract 112, Shelby County, Tennessee"
47157011300,"Census Tract 113, Shelby County, Tennessee"
471570113001,"Block Group 1, Census Tract 113, Shelby County, Tennessee"
471570113002,"Block Group 2, Census Tract 113, Shelby County, Tennessee"
47157011401,"Census Tract 114.01, Shelby County, Tennessee"
471570114011,"Block Group 1, Census Tract 114.01, Shelby County, Tennessee"
471570114012,"Block Group 2, Census Tract 114.01, Shelby County, Tennessee"
471570114013,"Block Group 3, Census Tract 114.01, Shelby County, Tennessee"
47157011402,"Census Tract 114.02, Shelby County, Tennessee"
471570114021,"Block Group 1, Census Tract 114.02, Shelby County, Tennessee"
471570114022,"Block Group 2, Census Tract 114.02, Shelby County, Tennessee"
47157011500,"Census Tract 115, Shelby County, Tennessee"
471570115001,"Block Group 1, Census Tract 115, Shelby County, Tennessee"
471570115002,"Block Group 2, Census Tract 115, Shelby County, Tennessee"
471570115003,"Block Group 3, Census Tract 115, Shelby County, Tennessee"
471570115004,"Block Group 4, Census Tract 115, Shelby County, Tennessee"
47157011600,"Census Tract 116, Shelby County, Tennessee"
471570116001,"Block Group 1, Census Tract 116, Shelby County, Tennessee"
471570116002,"Block Group 2, Census Tract 116, Shelby County, Tennessee"
471570116003,"Block Group 3, Census Tract 116, Shelby County, Tennessee"
471570116004,"Block Group 4, Census Tract 116, Shelby County, Tennessee"
47157011700,"Census Tract 117, Shelby County, Tennessee"
471570117001,"Block Group 1, Census Tract 117, Shelby County, Tennessee"
471570117002,"Block Group 2, Census Tract 117, Shelby County, Tennessee"
47157011800,"Census Tract 118, Shelby County, Tennessee"
471570118001,"Block Group 1, Census Tract 118, Shelby County, Tennessee"
471570118002,"Block Group 2, Census Tract 118, Shelby County, Tennessee"
471570118003,"Block Group 3, Census Tract 118, Shelby County, Tennessee"
471570118004,"Block Group 4, Census Tract 118, Shelby County, Tennessee"
47157020101,"Census Tract 201.01, Shelby County, Tennessee"
471570201011,"Block Group 1, Census Tract 201.01, Shelby County, Tennessee"
471570201012,"Block Group 2, Census Tract 201.01, Shelby County, Tennessee"
471570201013,"Block Group 3, Census Tract 201.01, Shelby County, Tennessee"
471570201014,"Block Group 4, Census Tract 201.01, Shelby County, Tennessee"
47157020102,"Census Tract 201.02, Shelby County, Tennessee"
471570201021,"Block Group 1, Census Tract 201.02, Shelby County, Tennessee"
471570201022,"Block Group 2, Census Tract 201.02, Shelby County, Tennessee"
47157020210,"Census Tract 202.10, Shelby County, Tennessee"
471570202101,"Block Group 1, Census Tract 202.10, Shelby County, Tennessee"
471570202102,"Block Group 2, Census Tract 202.10, Shelby County, Tennessee"
471570202103,"Block Group 3, Census Tract 202.10, Shelby County, Tennessee"
471570202104,"Block Group 4, Census Tract 202.10, Shelby County, Tennessee"
47157020221,"Census Tract 202.21, Shelby County, Tennessee"
471570202211,"Block Group 1, Census Tract 202.21, Shelby County, Tennessee"
471570202212,"Block Group 2, Census Tract 202.21, Shelby County, Tennessee"
47157020222,"Census Tract 202.22, Shelby County, Tennessee"
471570202221,"Block Group 1, Census Tract 202.22, Shelby County, Tennessee"
471570202222,"Block Group 2, Census Tract 202.22, Shelby County, Tennessee"
47157020301,"Census Tract 203.01, Shelby County, Tennessee"
471570203011,"Block Group 1, Census Tract 203.01, Shelby County, Tennessee"
47157020302,"Census Tract 203.02, Shelby County, Tennessee"
471570203021,"Block Group 1, Census Tract 203.02, Shelby County, Tennessee"
471570203022,"Block Group 2, Census Tract 203.02, Shelby County, Tennessee"
471570203023,"Block Group 3, Census Tract 203.02, Shelby County, Tennessee"
47157020400,"Census Tract 204, Shelby County, Tennessee"
471570204001,"Block Group 1, Census Tract 204, Shelby County, Tennessee"
471570204002,"Block Group 2, Census Tract 204, Shelby County, Tennessee"
47157020511,"Census Tract 205.11, Shelby County, Tennessee"
471570205111,"Block Group 1, Census Tract 205.11, Shelby County, Tennessee"
471570205112,"Block Group 2, Census Tract 205.11, Shelby County, Tennessee"
47157020521,"Census Tract 205.21, Shelby County, Tennessee"
471570205211,"Block Group 1, Census Tract 205.21, Shelby County, Tennessee"
471570205212,"Block Group 2, Census Tract 205.21, Shelby County, Tennessee"
471570205213,"Block Group 3, Census Tract 205.21, Shelby County, Tennessee"
47157020523,"Census Tract 205.23, Shelby County, Tennessee"
471570205231,"Block Group 1, Census Tract 205.23, Shelby County, Tennessee"
471570205232,"Block Group 2, Census Tract 205.23, Shelby County, Tennessee"
47157020524,"Census Tract 205.24, Shelby County, Tennessee"
471570205241,"Block Group 1, Census Tract 205.24, Shelby County, Tennessee"
471570205242,"Block Group 2, Census Tract 205.24, Shelby County, Tennessee"
471570205243,"Block Group 3, Census Tract 205.24, Shelby County, Tennessee"
47157020531,"Census Tract 205.31, Shelby County, Tennessee"
471570205311,"Block Group 1, Census Tract 205.31, Shelby County, Tennessee"
471570205312,"Block Group 2, Census Tract 205.31, Shelby County, Tennessee"
471570205313,"Block Group 3, Census Tract 205.31, Shelby County, Tennessee"
471570205314,"Block Group 4, Census Tract 205.31, Shelby County, Tennessee"
47157020532,"Census Tract 205.32, Shelby County, Tennessee"
471570205321,"Block Group 1, Census Tract 205.32, Shelby County, Tennessee"
471570205322,"Block Group 2, Census Tract 205.32, Shelby County, Tennessee"
471570205323,"Block Group 3, Census Tract 205.32, Shelby County, Tennessee"
471570205324,"Block Group 4, Census Tract 205.32, Shelby County, Tennessee"
47157020541,"Census Tract 205.41, Shelby County, Tennessee"
471570205411,"Block Group 1, Census Tract 205.41, Shelby County, Tennessee"
471570205412,"Block Group 2, Census Tract 205.41, Shelby County, Tennessee"
471570205413,"Block Group 3, Census Tract 205.41, Shelby County, Tennessee"
47157020542,"Census Tract 205.42, Shelby County, Tennessee"
471570205421,"Block Group 1, Census Tract 205.42, Shelby County, Tennessee"
471570205422,"Block Group 2, Census Tract 205.42, Shelby County, Tennessee"
471570205423,"Block Group 3, Census Tract 205.42, Shelby County, Tennessee"
471570205424,"Block Group 4, Census Tract 205.42, Shelby County, Tennessee"
471570205425,"Block Group 5, Census Tract 205.42, Shelby County, Tennessee"
47157020543,"Census Tract 205.43, Shelby County, Tennessee"
471570205431,"Block Group 1, Census Tract 205.43, Shelby County, Tennessee"
471570205432,"Block Group 2, Census Tract 205.43, Shelby County, Tennessee"
471570205433,"Block Group 3, Census Tract 205.43, Shelby County, Tennessee"
47157020544,"Census Tract 205.44, Shelby County, Tennessee"
471570205441,"Block Group 1, Census Tract 205.44, Shelby County, Tennessee"
471570205442,"Block Group 2, Census Tract 205.44, Shelby County, Tennessee"
47157020610,"Census Tract 206.10, Shelby County, Tennessee"
471570206101,"Block Group 1, Census Tract 206.10, Shelby County, Tennessee"
471570206102,"Block Group 2, Census Tract 206.10, Shelby County, Tennessee"
471570206103,"Block Group 3, Census Tract 206.10, Shelby County, Tennessee"
47157020621,"Census Tract 206.21, Shelby County, Tennessee"
471570206211,"Block Group 1, Census Tract 206.21, Shelby County, Tennessee"
471570206212,"Block Group 2, Census Tract 206.21, Shelby County, Tennessee"
471570206213,"Block Group 3, Census Tract 206.21, Shelby County, Tennessee"
471570206214,"Block Group 4, Census Tract 206.21, Shelby County, Tennessee"
471570206215,"Block Group 5, Census Tract 206.21, Shelby County, Tennessee"
47157020622,"Census Tract 206.22, Shelby County, Tennessee"
471570206221,"Block Group 1, Census Tract 206.22, Shelby County, Tennessee"
471570206222,"Block Group 2, Census Tract 206.22, Shelby County, Tennessee"
471570206223,"Block Group 3, Census Tract 206.22, Shelby County, Tennessee"
47157020632,"Census Tract 206.32, Shelby County, Tennessee"
471570206321,"Block Group 1, Census Tract 206.32, Shelby County, Tennessee"
471570206322,"Block Group 2, Census Tract 206.32, Shelby County, Tennessee"
471570206323,"Block Group 3, Census Tract 206.32, Shelby County, Tennessee"
471570206324,"Block Group 4, Census Tract 206.32, Shelby County, Tennessee"
47157020633,"Census Tract 206.33, Shelby County, Tennessee"
471570206331,"Block Group 1, Census Tract 206.33, Shelby County, Tennessee"
471570206332,"Block Group 2, Census Tract 206.33, Shelby County, Tennessee"
47157020634,"Census Tract 206.34, Shelby County, Tennessee"
471570206341,"Block Group 1, Census Tract 206.34, Shelby County, Tennessee"
471570206342,"Block Group 2, Census Tract 206.34, Shelby County, Tennessee"
47157020635,"Census Tract 206.35, Shelby County, Tennessee"
471570206351,"Block Group 1, Census Tract 206.35, Shelby County, Tennessee"
471570206352,"Block Group 2, Census Tract 206.35, Shelby County, Tennessee"
47157020651,"Census Tract 206.51, Shelby County, Tennessee"
471570206511,"Block Group 1, Census Tract 206.51, Shelby County, Tennessee"
471570206512,"Block Group 2, Census Tract 206.51, Shelby County, Tennessee"
471570206513,"Block Group 3, Census Tract 206.51, Shelby County, Tennessee"
471570206514,"Block Group 4, Census Tract 206.51, Shelby County, Tennessee"
471570206515,"Block Group 5, Census Tract 206.51, Shelby County, Tennessee"
47157020652,"Census Tract 206.52, Shelby County, Tennessee"
471570206521,"Block Group 1, Census Tract 206.52, Shelby County, Tennessee"
471570206522,"Block Group 2, Census Tract 206.52, Shelby County, Tennessee"
471570206523,"Block Group 3, Census Tract 206.52, Shelby County, Tennessee"
47157020653,"Census Tract 206.53, Shelby County, Tennessee"
471570206531,"Block Group 1, Census Tract 206.53, Shelby County, Tennessee"
471570206532,"Block Group 2, Census Tract 206.53, Shelby County, Tennessee"
47157020654,"Census Tract 206.54, Shelby County, Tennessee"
471570206541,"Block Group 1, Census Tract 206.54, Shelby County, Tennessee"
471570206542,"Block Group 2, Census Tract 206.54, Shelby County, Tennessee"
471570206543,"Block Group 3, Census Tract 206.54, Shelby County, Tennessee"
47157020655,"Census Tract 206.55, Shelby County, Tennessee"
471570206551,"Block Group 1, Census Tract 206.55, Shelby County, Tennessee"
471570206552,"Block Group 2, Census Tract 206.55, Shelby County, Tennessee"
47157020656,"Census Tract 206.56, Shelby County, Tennessee"
471570206561,"Block Group 1, Census Tract 206.56, Shelby County, Tennessee"
471570206562,"Block Group 2, Census Tract 206.56, Shelby County, Tennessee"
471570206563,"Block Group 3, Census Tract 206.56, Shelby County, Tennessee"
47157020657,"Census Tract 206.57, Shelby County, Tennessee"
471570206571,"Block Group 1, Census Tract 206.57, Shelby County, Tennessee"
471570206572,"Block Group 2, Census Tract 206.57, Shelby County, Tennessee"
47157020658,"Census Tract 206.58, Shelby County, Tennessee"
471570206581,"Block Group 1, Census Tract 206.58, Shelby County, Tennessee"
471570206582,"Block Group 2, Census Tract 206.58, Shelby County, Tennessee"
471570206583,"Block Group 3, Census Tract 206.58, Shelby County, Tennessee"
47157020700,"Census Tract 207, Shelby County, Tennessee"
471570207001,"Block Group 1, Census Tract 207, Shelby County, Tennessee"
471570207002,"Block Group 2, Census Tract 207, Shelby County, Tennessee"
47157020833,"Census Tract 208.33, Shelby County, Tennessee"
471570208331,"Block Group 1, Census Tract 208.33, Shelby County, Tennessee"
471570208332,"Block Group 2, Census Tract 208.33, Shelby County, Tennessee"
47157020834,"Census Tract 208.34, Shelby County, Tennessee"
471570208341,"Block Group 1, Census Tract 208.34, Shelby County, Tennessee"
471570208342,"Block Group 2, Census Tract 208.34, Shelby County, Tennessee"
47157020835,"Census Tract 208.35, Shelby County, Tennessee"
471570208351,"Block Group 1, Census Tract 208.35, Shelby County, Tennessee"
471570208352,"Block Group 2, Census Tract 208.35, Shelby County, Tennessee"
47157020836,"Census Tract 208.36, Shelby County, Tennessee"
471570208361,"Block Group 1, Census Tract 208.36, Shelby County, Tennessee"
471570208362,"Block Group 2, Census Tract 208.36, Shelby County, Tennessee"
471570208363,"Block Group 3, Census Tract 208.36, Shelby County, Tennessee"
471570208364,"Block Group 4, Census Tract 208.36, Shelby County, Tennessee"
47157020837,"Census Tract 208.37, Shelby County, Tennessee"
471570208371,"Block Group 1, Census Tract 208.37, Shelby County, Tennessee"
471570208372,"Block Group 2, Census Tract 208.37, Shelby County, Tennessee"
471570208373,"Block Group 3, Census Tract 208.37, Shelby County, Tennessee"
471570208374,"Block Group 4, Census Tract 208.37, Shelby County, Tennessee"
471570208375,"Block Group 5, Census Tract 208.37, Shelby County, Tennessee"
47157020901,"Census Tract 209.01, Shelby County, Tennessee"
471570209011,"Block Group 1, Census Tract 209.01, Shelby County, Tennessee"
471570209012,"Block Group 2, Census Tract 209.01, Shelby County, Tennessee"
471570209013,"Block Group 3, Census Tract 209.01, Shelby County, Tennessee"
47157020902,"Census Tract 209.02, Shelby County, Tennessee"
471570209021,"Block Group 1, Census Tract 209.02, Shelby County, Tennessee"
471570209022,"Block Group 2, Census Tract 209.02, Shelby County, Tennessee"
471570209023,"Block Group 3, Census Tract 209.02, Shelby County, Tennessee"
47157021020,"Census Tract 210.20, Shelby County, Tennessee"
471570210201,"Block Group 1, Census Tract 210.20, Shelby County, Tennessee"
471570210202,"Block Group 2, Census Tract 210.20, Shelby County, Tennessee"
471570210203,"Block Group 3, Census Tract 210.20, Shelby County, Tennessee"
47157021021,"Census Tract 210.21, Shelby County, Tennessee"
471570210211,"Block Group 1, Census Tract 210.21, Shelby County, Tennessee"
471570210212,"Block Group 2, Census Tract 210.21, Shelby County, Tennessee"
471570210213,"Block Group 3, Census Tract 210.21, Shelby County, Tennessee"
47157021022,"Census Tract 210.22, Shelby County, Tennessee"
471570210221,"Block Group 1, Census Tract 210.22, Shelby County, Tennessee"
471570210222,"Block Group 2, Census Tract 210.22, Shelby County, Tennessee"
47157021023,"Census Tract 210.23, Shelby County, Tennessee"
471570210231,"Block Group 1, Census Tract 210.23, Shelby County, Tennessee"
471570210232,"Block Group 2, Census Tract 210.23, Shelby County, Tennessee"
47157021111,"Census Tract 211.11, Shelby County, Tennessee"
471570211111,"Block Group 1, Census Tract 211.11, Shelby County, Tennessee"
471570211112,"Block Group 2, Census Tract 211.11, Shelby County, Tennessee"
47157021112,"Census Tract 211.12, Shelby County, Tennessee"
471570211121,"Block Group 1, Census Tract 211.12, Shelby County, Tennessee"
471570211122,"Block Group 2, Census Tract 211.12, Shelby County, Tennessee"
471570211123,"Block Group 3, Census Tract 211.12, Shelby County, Tennessee"
471570211124,"Block Group 4, Census Tract 211.12, Shelby County, Tennessee"
471570211125,"Block Group 5, Census Tract 211.12, Shelby County, Tennessee"
47157021113,"Census Tract 211.13, Shelby County, Tennessee"
471570211131,"Block Group 1, Census Tract 211.13, Shelby County, Tennessee"
471570211132,"Block Group 2, Census Tract 211.13, Shelby County, Tennessee"
47157021121,"Census Tract 211.21, Shelby County, Tennessee"
471570211211,"Block Group 1, Census Tract 211.21, Shelby County, Tennessee"
471570211212,"Block Group 2, Census Tract 211.21, Shelby County, Tennessee"
471570211213,"Block Group 3, Census Tract 211.21, Shelby County, Tennessee"
47157021122,"Census Tract 211.22, Shelby County, Tennessee"
471570211221,"Block Group 1, Census Tract 211.22, Shelby County, Tennessee"
471570211222,"Block Group 2, Census Tract 211.22, Shelby County, Tennessee"
471570211223,"Block Group 3, Census Tract 211.22, Shelby County, Tennessee"
471570211224,"Block Group 4, Census Tract 211.22, Shelby County, Tennessee"
47157021124,"Census Tract 211.24, Shelby County, Tennessee"
471570211241,"Block Group 1, Census Tract 211.24, Shelby County, Tennessee"
471570211242,"Block Group 2, Census Tract 211.24, Shelby County, Tennessee"
471570211243,"Block Group 3, Census Tract 211.24, Shelby County, Tennessee"
47157021125,"Census Tract 211.25, Shelby County, Tennessee"
471570211251,"Block Group 1, Census Tract 211.25, Shelby County, Tennessee"
471570211252,"Block Group 2, Census Tract 211.25, Shelby County, Tennessee"
47157021126,"Census Tract 211.26, Shelby County, Tennessee"
471570211261,"Block Group 1, Census Tract 211.26, Shelby County, Tennessee"
471570211262,"Block Group 2, Census Tract 211.26, Shelby County, Tennessee"
47157021135,"Census Tract 211.35, Shelby County, Tennessee"
471570211351,"Block Group 1, Census Tract 211.35, Shelby County, Tennessee"
471570211352,"Block Group 2, Census Tract 211.35, Shelby County, Tennessee"
471570211353,"Block Group 3, Census Tract 211.35, Shelby County, Tennessee"
47157021136,"Census Tract 211.36, Shelby County, Tennessee"
471570211361,"Block Group 1, Census Tract 211.36, Shelby County, Tennessee"
471570211362,"Block Group 2, Census Tract 211.36, Shelby County, Tennessee"
471570211363,"Block Group 3, Census Tract 211.36, Shelby County, Tennessee"
47157021138,"Census Tract 211.38, Shelby County, Tennessee"
471570211381,"Block Group 1, Census Tract 211.38, Shelby County, Tennessee"
47157021139,"Census Tract 211.39, Shelby County, Tennessee"
471570211391,"Block Group 1, Census Tract 211.39, Shelby County, Tennessee"
471570211392,"Block Group 2, Census Tract 211.39, Shelby County, Tennessee"
47157021140,"Census Tract 211.40, Shelby County, Tennessee"
471570211401,"Block Group 1, Census Tract 211.40, Shelby County, Tennessee"
471570211402,"Block Group 2, Census Tract 211.40, Shelby County, Tennessee"
47157021141,"Census Tract 211.41, Shelby County, Tennessee"
471570211411,"Block Group 1, Census Tract 211.41, Shelby County, Tennessee"
471570211412,"Block Group 2, Census Tract 211.41, Shelby County, Tennessee"
471570211413,"Block Group 3, Census Tract 211.41, Shelby County, Tennessee"
471570211414,"Block Group 4, Census Tract 211.41, Shelby County, Tennessee"
471570211415,"Block Group 5, Census Tract 211.41, Shelby County, Tennessee"
47157021142,"Census Tract 211.42, Shelby County, Tennessee"
471570211421,"Block Group 1, Census Tract 211.42, Shelby County, Tennessee"
471570211422,"Block Group 2, Census Tract 211.42, Shelby County, Tennessee"
47157021143,"Census Tract 211.43, Shelby County, Tennessee"
471570211431,"Block Group 1, Census Tract 211.43, Shelby County, Tennessee"
471570211432,"Block Group 2, Census Tract 211.43, Shelby County, Tennessee"
471570211433,"Block Group 3, Census Tract 211.43, Shelby County, Tennessee"
47157021144,"Census Tract 211.44, Shelby County, Tennessee"
471570211441,"Block Group 1, Census Tract 211.44, Shelby County, Tennessee"
471570211442,"Block Group 2, Census Tract 211.44, Shelby County, Tennessee"
47157021200,"Census Tract 212, Shelby County, Tennessee"
471570212001,"Block Group 1, Census Tract 212, Shelby County, Tennessee"
47157021311,"Census Tract 213.11, Shelby County, Tennessee"
471570213111,"Block Group 1, Census Tract 213.11, Shelby County, Tennessee"
471570213112,"Block Group 2, Census Tract 213.11, Shelby County, Tennessee"
471570213113,"Block Group 3, Census Tract 213.11, Shelby County, Tennessee"
47157021312,"Census Tract 213.12, Shelby County, Tennessee"
471570213121,"Block Group 1, Census Tract 213.12, Shelby County, Tennessee"
471570213122,"Block Group 2, Census Tract 213.12, Shelby County, Tennessee"
471570213123,"Block Group 3, Census Tract 213.12, Shelby County, Tennessee"
47157021320,"Census Tract 213.20, Shelby County, Tennessee"
471570213201,"Block Group 1, Census Tract 213.20, Shelby County, Tennessee"
471570213202,"Block Group 2, Census Tract 213.20, Shelby County, Tennessee"
471570213203,"Block Group 3, Census Tract 213.20, Shelby County, Tennessee"
471570213204,"Block Group 4, Census Tract 213.20, Shelby County, Tennessee"
47157021331,"Census Tract 213.31, Shelby County, Tennessee"
471570213311,"Block Group 1, Census Tract 213.31, Shelby County, Tennessee"
471570213312,"Block Group 2, Census Tract 213.31, Shelby County, Tennessee"
471570213313,"Block Group 3, Census Tract 213.31, Shelby County, Tennessee"
47157021333,"Census Tract 213.33, Shelby County, Tennessee"
471570213331,"Block Group 1, Census Tract 213.33, Shelby County, Tennessee"
471570213332,"Block Group 2, Census Tract 213.33, Shelby County, Tennessee"
471570213333,"Block Group 3, Census Tract 213.33, Shelby County, Tennessee"
47157021334,"Census Tract 213.34, Shelby County, Tennessee"
471570213341,"Block Group 1, Census Tract 213.34, Shelby County, Tennessee"
471570213342,"Block Group 2, Census Tract 213.34, Shelby County, Tennessee"
47157021341,"Census Tract 213.41, Shelby County, Tennessee"
471570213411,"Block Group 1, Census Tract 213.41, Shelby County, Tennessee"
471570213412,"Block Group 2, Census Tract 213.41, Shelby County, Tennessee"
471570213413,"Block Group 3, Census Tract 213.41, Shelby County, Tennessee"
47157021351,"Census Tract 213.51, Shelby County, Tennessee"
471570213511,"Block Group 1, Census Tract 213.51, Shelby County, Tennessee"
471570213512,"Block Group 2, Census Tract 213.51, Shelby County, Tennessee"
471570213513,"Block Group 3, Census Tract 213.51, Shelby County, Tennessee"
471570213514,"Block Group 4, Census Tract 213.51, Shelby County, Tennessee"
47157021352,"Census Tract 213.52, Shelby County, Tennessee"
471570213521,"Block Group 1, Census Tract 213.52, Shelby County, Tennessee"
471570213522,"Block Group 2, Census Tract 213.52, Shelby County, Tennessee"
471570213523,"Block Group 3, Census Tract 213.52, Shelby County, Tennessee"
471570213524,"Block Group 4, Census Tract 213.52, Shelby County, Tennessee"
471570213525,"Block Group 5, Census Tract 213.52, Shelby County, Tennessee"
47157021354,"Census Tract 213.54, Shelby County, Tennessee"
471570213541,"Block Group 1, Census Tract 213.54, Shelby County, Tennessee"
471570213542,"Block Group 2, Census Tract 213.54, Shelby County, Tennessee"
471570213543,"Block Group 3, Census Tract 213.54, Shelby County, Tennessee"
47157021355,"Census Tract 213.55, Shelby County, Tennessee"
471570213551,"Block Group 1, Census Tract 213.55, Shelby County, Tennessee"
471570213552,"Block Group 2, Census Tract 213.55, Shelby County, Tennessee"
471570213553,"Block Group 3, Census Tract 213.55, Shelby County, Tennessee"
471570213554,"Block Group 4, Census Tract 213.55, Shelby County, Tennessee"
47157021356,"Census Tract 213.56, Shelby County, Tennessee"
471570213561,"Block Group 1, Census Tract 213.56, Shelby County, Tennessee"
471570213562,"Block Group 2, Census Tract 213.56, Shelby County, Tennessee"
47157021357,"Census Tract 213.57, Shelby County, Tennessee"
471570213571,"Block Group 1, Census Tract 213.57, Shelby County, Tennessee"
471570213572,"Block Group 2, Census Tract 213.57, Shelby County, Tennessee"
471570213573,"Block Group 3, Census Tract 213.57, Shelby County, Tennessee"
471570213574,"Block Group 4, Census Tract 213.57, Shelby County, Tennessee"
47157021410,"Census Tract 214.10, Shelby County, Tennessee"
471570214101,"Block Group 1, Census Tract 214.10, Shelby County, Tennessee"
471570214102,"Block Group 2, Census Tract 214.10, Shelby County, Tennessee"
47157021420,"Census Tract 214.20, Shelby County, Tennessee"
471570214201,"Block Group 1, Census Tract 214.20, Shelby County, Tennessee"
471570214202,"Block Group 2, Census Tract 214.20, Shelby County, Tennessee"
47157021430,"Census Tract 214.30, Shelby County, Tennessee"
471570214301,"Block Group 1, Census Tract 214.30, Shelby County, Tennessee"
471570214302,"Block Group 2, Census Tract 214.30, Shelby County, Tennessee"
471570214303,"Block Group 3, Census Tract 214.30, Shelby County, Tennessee"
47157021530,"Census Tract 215.30, Shelby County, Tennessee"
471570215301,"Block Group 1, Census Tract 215.30, Shelby County, Tennessee"
471570215302,"Block Group 2, Census Tract 215.30, Shelby County, Tennessee"
471570215303,"Block Group 3, Census Tract 215.30, Shelby County, Tennessee"
47157021541,"Census Tract 215.41, Shelby County, Tennessee"
471570215411,"Block Group 1, Census Tract 215.41, Shelby County, Tennessee"
471570215412,"Block Group 2, Census Tract 215.41, Shelby County, Tennessee"
471570215413,"Block Group 3, Census Tract 215.41, Shelby County, Tennessee"
47157021542,"Census Tract 215.42, Shelby County, Tennessee"
471570215421,"Block Group 1, Census Tract 215.42, Shelby County, Tennessee"
471570215422,"Block Group 2, Census Tract 215.42, Shelby County, Tennessee"
47157021543,"Census Tract 215.43, Shelby County, Tennessee"
471570215431,"Block Group 1, Census Tract 215.43, Shelby County, Tennessee"
471570215432,"Block Group 2, Census Tract 215.43, Shelby County, Tennessee"
47157021544,"Census Tract 215.44, Shelby County, Tennessee"
471570215441,"Block Group 1, Census Tract 215.44, Shelby County, Tennessee"
471570215442,"Block Group 2, Census Tract 215.44, Shelby County, Tennessee"
471570215443,"Block Group 3, Census Tract 215.44, Shelby County, Tennessee"
47157021545,"Census Tract 215.45, Shelby County, Tennessee"
471570215451,"Block Group 1, Census Tract 215.45, Shelby County, Tennessee"
471570215452,"Block Group 2, Census Tract 215.45, Shelby County, Tennessee"
47157021546,"Census Tract 215.46, Shelby County, Tennessee"
471570215461,"Block Group 1, Census Tract 215.46, Shelby County, Tennessee"
471570215462,"Block Group 2, Census Tract 215.46, Shelby County, Tennessee"
47157021547,"Census Tract 215.47, Shelby County, Tennessee"
471570215471,"Block Group 1, Census Tract 215.47, Shelby County, Tennessee"
471570215472,"Block Group 2, Census Tract 215.47, Shelby County, Tennessee"
471570215473,"Block Group 3, Census Tract 215.47, Shelby County, Tennessee"
47157021548,"Census Tract 215.48, Shelby County, Tennessee"
471570215481,"Block Group 1, Census Tract 215.48, Shelby County, Tennessee"
471570215482,"Block Group 2, Census Tract 215.48, Shelby County, Tennessee"
47157021611,"Census Tract 216.11, Shelby County, Tennessee"
471570216111,"Block Group 1, Census Tract 216.11, Shelby County, Tennessee"
471570216112,"Block Group 2, Census Tract 216.11, Shelby County, Tennessee"
471570216113,"Block Group 3, Census Tract 216.11, Shelby County, Tennessee"
471570216114,"Block Group 4, Census Tract 216.11, Shelby County, Tennessee"
47157021612,"Census Tract 216.12, Shelby County, Tennessee"
471570216121,"Block Group 1, Census Tract 216.12, Shelby County, Tennessee"
471570216122,"Block Group 2, Census Tract 216.12, Shelby County, Tennessee"
47157021613,"Census Tract 216.13, Shelby County, Tennessee"
471570216131,"Block Group 1, Census Tract 216.13, Shelby County, Tennessee"
471570216132,"Block Group 2, Census Tract 216.13, Shelby County, Tennessee"
471570216133,"Block Group 3, Census Tract 216.13, Shelby County, Tennessee"
47157021620,"Census Tract 216.20, Shelby County, Tennessee"
471570216201,"Block Group 1, Census Tract 216.20, Shelby County, Tennessee"
471570216202,"Block Group 2, Census Tract 216.20, Shelby County, Tennessee"
47157021710,"Census Tract 217.10, Shelby County, Tennessee"
471570217101,"Block Group 1, Census Tract 217.10, Shelby County, Tennessee"
471570217102,"Block Group 2, Census Tract 217.10, Shelby County, Tennessee"
47157021721,"Census Tract 217.21, Shelby County, Tennessee"
471570217211,"Block Group 1, Census Tract 217.21, Shelby County, Tennessee"
471570217212,"Block Group 2, Census Tract 217.21, Shelby County, Tennessee"
471570217213,"Block Group 3, Census Tract 217.21, Shelby County, Tennessee"
47157021724,"Census Tract 217.24, Shelby County, Tennessee"
471570217241,"Block Group 1, Census Tract 217.24, Shelby County, Tennessee"
471570217242,"Block Group 2, Census Tract 217.24, Shelby County, Tennessee"
47157021725,"Census Tract 217.25, Shelby County, Tennessee"
471570217251,"Block Group 1, Census Tract 217.25, Shelby County, Tennessee"
471570217252,"Block Group 2, Census Tract 217.25, Shelby County, Tennessee"
471570217253,"Block Group 3, Census Tract 217.25, Shelby County, Tennessee"
47157021731,"Census Tract 217.31, Shelby County, Tennessee"
471570217311,"Block Group 1, Census Tract 217.31, Shelby County, Tennessee"
471570217312,"Block Group 2, Census Tract 217.31, Shelby County, Tennessee"
47157021744,"Census Tract 217.44, Shelby County, Tennessee"
471570217441,"Block Group 1, Census Tract 217.44, Shelby County, Tennessee"
471570217442,"Block Group 2, Census Tract 217.44, Shelby County, Tennessee"
471570217443,"Block Group 3, Census Tract 217.44, Shelby County, Tennessee"
471570217444,"Block Group 4, Census Tract 217.44, Shelby County, Tennessee"
47157021745,"Census Tract 217.45, Shelby County, Tennessee"
471570217451,"Block Group 1, Census Tract 217.45, Shelby County, Tennessee"
471570217452,"Block Group 2, Census Tract 217.45, Shelby County, Tennessee"
471570217453,"Block Group 3, Census Tract 217.45, Shelby County, Tennessee"
471570217454,"Block Group 4, Census Tract 217.45, Shelby County, Tennessee"
47157021746,"Census Tract 217.46, Shelby County, Tennessee"
471570217461,"Block Group 1, Census Tract 217.46, Shelby County, Tennessee"
471570217462,"Block Group 2, Census Tract 217.46, Shelby County, Tennessee"
471570217463,"Block Group 3, Census Tract 217.46, Shelby County, Tennessee"
471570217464,"Block Group 4, Census Tract 217.46, Shelby County, Tennessee"
47157021747,"Census Tract 217.47, Shelby County, Tennessee"
471570217471,"Block Group 1, Census Tract 217.47, Shelby County, Tennessee"
471570217472,"Block Group 2, Census Tract 217.47, Shelby County, Tennessee"
47157021751,"Census Tract 217.51, Shelby County, Tennessee"
471570217511,"Block Group 1, Census Tract 217.51, Shelby County, Tennessee"
471570217512,"Block Group 2, Census Tract 217.51, Shelby County, Tennessee"
471570217513,"Block Group 3, Census Tract 217.51, Shelby County, Tennessee"
47157021752,"Census Tract 217.52, Shelby County, Tennessee"
471570217521,"Block Group 1, Census Tract 217.52, Shelby County, Tennessee"
471570217522,"Block Group 2, Census Tract 217.52, Shelby County, Tennessee"
47157021753,"Census Tract 217.53, Shelby County, Tennessee"
471570217531,"Block Group 1, Census Tract 217.53, Shelby County, Tennessee"
471570217532,"Block Group 2, Census Tract 217.53, Shelby County, Tennessee"
47157021754,"Census Tract 217.54, Shelby County, Tennessee"
471570217541,"Block Group 1, Census Tract 217.54, Shelby County, Tennessee"
471570217542,"Block Group 2, Census Tract 217.54, Shelby County, Tennessee"
47157021755,"Census Tract 217.55, Shelby County, Tennessee"
471570217551,"Block Group 1, Census Tract 217.55, Shelby County, Tennessee"
47157021756,"Census Tract 217.56, Shelby County, Tennessee"
471570217561,"Block Group 1, Census Tract 217.56, Shelby County, Tennessee"
471570217562,"Block Group 2, Census Tract 217.56, Shelby County, Tennessee"
47157021757,"Census Tract 217.57, Shelby County, Tennessee"
471570217571,"Block Group 1, Census Tract 217.57, Shelby County, Tennessee"
471570217572,"Block Group 2, Census Tract 217.57, Shelby County, Tennessee"
471570217573,"Block Group 3, Census Tract 217.57, Shelby County, Tennessee"
47157021758,"Census Tract 217.58, Shelby County, Tennessee"
471570217581,"Block Group 1, Census Tract 217.58, Shelby County, Tennessee"
471570217582,"Block Group 2, Census Tract 217.58, Shelby County, Tennessee"
47157021759,"Census Tract 217.59, Shelby County, Tennessee"
471570217591,"Block Group 1, Census Tract 217.59, Shelby County, Tennessee"
471570217592,"Block Group 2, Census Tract 217.59, Shelby County, Tennessee"
47157021760,"Census Tract 217.60, Shelby County, Tennessee"
471570217601,"Block Group 1, Census Tract 217.60, Shelby County, Tennessee"
471570217602,"Block Group 2, Census Tract 217.60, Shelby County, Tennessee"
47157021900,"Census Tract 219, Shelby County, Tennessee"
471570219001,"Block Group 1, Census Tract 219, Shelby County, Tennessee"
471570219002,"Block Group 2, Census Tract 219, Shelby County, Tennessee"
471570219003,"Block Group 3, Census Tract 219, Shelby County, Tennessee"
471570219004,"Block Group 4, Census Tract 219, Shelby County, Tennessee"
47157022023,"Census Tract 220.23, Shelby County, Tennessee"
471570220231,"Block Group 1, Census Tract 220.23, Shelby County, Tennessee"
471570220232,"Block Group 2, Census Tract 220.23, Shelby County, Tennessee"
471570220233,"Block Group 3, Census Tract 220.23, Shelby County, Tennessee"
47157022024,"Census Tract 220.24, Shelby County, Tennessee"
471570220241,"Block Group 1, Census Tract 220.24, Shelby County, Tennessee"
471570220242,"Block Group 2, Census Tract 220.24, Shelby County, Tennessee"
47157022025,"Census Tract 220.25, Shelby County, Tennessee"
471570220251,"Block Group 1, Census Tract 220.25, Shelby County, Tennessee"
471570220252,"Block Group 2, Census Tract 220.25, Shelby County, Tennessee"
471570220253,"Block Group 3, Census Tract 220.25, Shelby County, Tennessee"
47157022026,"Census Tract 220.26, Shelby County, Tennessee"
471570220261,"Block Group 1, Census Tract 220.26, Shelby County, Tennessee"
471570220262,"Block Group 2, Census Tract 220.26, Shelby County, Tennessee"
47157022111,"Census Tract 221.11, Shelby County, Tennessee"
471570221111,"Block Group 1, Census Tract 221.11, Shelby County, Tennessee"
471570221112,"Block Group 2, Census Tract 221.11, Shelby County, Tennessee"
471570221113,"Block Group 3, Census Tract 221.11, Shelby County, Tennessee"
47157022121,"Census Tract 221.21, Shelby County, Tennessee"
471570221211,"Block Group 1, Census Tract 221.21, Shelby County, Tennessee"
471570221212,"Block Group 2, Census Tract 221.21, Shelby County, Tennessee"
471570221213,"Block Group 3, Census Tract 221.21, Shelby County, Tennessee"
47157022122,"Census Tract 221.22, Shelby County, Tennessee"
471570221221,"Block Group 1, Census Tract 221.22, Shelby County, Tennessee"
471570221222,"Block Group 2, Census Tract 221.22, Shelby County, Tennessee"
471570221223,"Block Group 3, Census Tract 221.22, Shelby County, Tennessee"
47157022130,"Census Tract 221.30, Shelby County, Tennessee"
471570221301,"Block Group 1, Census Tract 221.30, Shelby County, Tennessee"
471570221302,"Block Group 2, Census Tract 221.30, Shelby County, Tennessee"
471570221303,"Block Group 3, Census Tract 221.30, Shelby County, Tennessee"
471570221304,"Block Group 4, Census Tract 221.30, Shelby County, Tennessee"
471570221305,"Block Group 5, Census Tract 221.30, Shelby County, Tennessee"
47157022131,"Census Tract 221.31, Shelby County, Tennessee"
471570221311,"Block Group 1, Census Tract 221.31, Shelby County, Tennessee"
471570221312,"Block Group 2, Census Tract 221.31, Shelby County, Tennessee"
47157022132,"Census Tract 221.32, Shelby County, Tennessee"
471570221321,"Block Group 1, Census Tract 221.32, Shelby County, Tennessee"
471570221322,"Block Group 2, Census Tract 221.32, Shelby County, Tennessee"
47157022210,"Census Tract 222.10, Shelby County, Tennessee"
471570222101,"Block Group 1, Census Tract 222.10, Shelby County, Tennessee"
471570222102,"Block Group 2, Census Tract 222.10, Shelby County, Tennessee"
471570222103,"Block Group 3, Census Tract 222.10, Shelby County, Tennessee"
47157022220,"Census Tract 222.20, Shelby County, Tennessee"
471570222201,"Block Group 1, Census Tract 222.20, Shelby County, Tennessee"
471570222202,"Block Group 2, Census Tract 222.20, Shelby County, Tennessee"
471570222203,"Block Group 3, Census Tract 222.20, Shelby County, Tennessee"
471570222204,"Block Group 4, Census Tract 222.20, Shelby County, Tennessee"
471570222205,"Block Group 5, Census Tract 222.20, Shelby County, Tennessee"
47157022310,"Census Tract 223.10, Shelby County, Tennessee"
471570223101,"Block Group 1, Census Tract 223.10, Shelby County, Tennessee"
471570223102,"Block Group 2, Census Tract 223.10, Shelby County, Tennessee"
471570223103,"Block Group 3, Census Tract 223.10, Shelby County, Tennessee"
471570223104,"Block Group 4, Census Tract 223.10, Shelby County, Tennessee"
47157022321,"Census Tract 223.21, Shelby County, Tennessee"
471570223211,"Block Group 1, Census Tract 223.21, Shelby County, Tennessee"
471570223212,"Block Group 2, Census Tract 223.21, Shelby County, Tennessee"
471570223213,"Block Group 3, Census Tract 223.21, Shelby County, Tennessee"
47157022322,"Census Tract 223.22, Shelby County, Tennessee"
471570223221,"Block Group 1, Census Tract 223.22, Shelby County, Tennessee"
471570223222,"Block Group 2, Census Tract 223.22, Shelby County, Tennessee"
471570223223,"Block Group 3, Census Tract 223.22, Shelby County, Tennessee"
471570223224,"Block Group 4, Census Tract 223.22, Shelby County, Tennessee"
47157022330,"Census Tract 223.30, Shelby County, Tennessee"
471570223301,"Block Group 1, Census Tract 223.30, Shelby County, Tennessee"
471570223302,"Block Group 2, Census Tract 223.30, Shelby County, Tennessee"
471570223303,"Block Group 3, Census Tract 223.30, Shelby County, Tennessee"
47157022410,"Census Tract 224.10, Shelby County, Tennessee"
471570224101,"Block Group 1, Census Tract 224.10, Shelby County, Tennessee"
471570224102,"Block Group 2, Census Tract 224.10, Shelby County, Tennessee"
471570224103,"Block Group 3, Census Tract 224.10, Shelby County, Tennessee"
471570224104,"Block Group 4, Census Tract 224.10, Shelby County, Tennessee"
471570224105,"Block Group 5, Census Tract 224.10, Shelby County, Tennessee"
47157022500,"Census Tract 225, Shelby County, Tennessee"
471570225001,"Block Group 1, Census Tract 225, Shelby County, Tennessee"
471570225002,"Block Group 2, Census Tract 225, Shelby County, Tennessee"
471570225003,"Block Group 3, Census Tract 225, Shelby County, Tennessee"
471570225004,"Block Group 4, Census Tract 225, Shelby County, Tennessee"
47157022600,"Census Tract 226, Shelby County, Tennessee"
471570226001,"Block Group 1, Census Tract 226, Shelby County, Tennessee"
471570226002,"Block Group 2, Census Tract 226, Shelby County, Tennessee"
47157022700,"Census Tract 227, Shelby County, Tennessee"
471570227001,"Block Group 1, Census Tract 227, Shelby County, Tennessee"
471570227002,"Block Group 2, Census Tract 227, Shelby County, Tennessee"
471570227003,"Block Group 3, Census Tract 227, Shelby County, Tennessee"
471570227004,"Block Group 4, Census Tract 227, Shelby County, Tennessee"
471570227005,"Block Group 5, Census Tract 227, Shelby County, Tennessee"
47157980100,"Census Tract 9801, Shelby County, Tennessee"
471579801001,"Block Group 1, Census Tract 9801, Shelby County, Tennessee"
47157980200,"Census Tract 9802, Shelby County, Tennessee"
471579802001,"Block Group 1, Census Tract 9802, Shelby County, Tennessee"
47157980300,"Census Tract 9803, Shelby County, Tennessee"
471579803001,"Block Group 1, Census Tract 9803, Shelby County, Tennessee"
47157980401,"Census Tract 9804.01, Shelby County, Tennessee"
471579804011,"Block Group 1, Census Tract 9804.01, Shelby County, Tennessee"
47157980402,"Census Tract 9804.02, Shelby County, Tennessee"
471579804021,"Block Group 1, Census Tract 9804.02, Shelby County, Tennessee"
35620,"New York-Newark-Jersey City, NY-NJ-PA Metro Area"
31080,"Los Angeles-Long Beach-Anaheim, CA Metro Area"
16980,"Chicago-Naperville-Elgin, IL-IN-WI Metro Area"
19100,"Dallas-Fort Worth-Arlington, TX Metro Area"
26420,"Houston-The Woodlands-Sugar Land, TX Metro Area"
37980,"Philadelphia-Camden-Wilmington, PA-NJ-DE-MD Metro Area"
47900,"Washington-Arlington-Alexandria, DC-VA-MD-WV Metro Area"
33100,"Miami-Fort Lauderdale-Pompano Beach, FL Metro Area"
12060,"Atlanta-Sandy Springs-Alpharetta, GA Metro Area"
14460,"Boston-Cambridge-Newton, MA-NH Metro Area"
38060,"Phoenix-Mesa-Chandler, AZ Metro Area"
19820,"Detroit-Warren-Dearborn, MI Metro Area"
41860,"San Francisco-Oakland-Berkeley, CA Metro Area"
42660,"Seattle-Tacoma-Bellevue, WA Metro Area"
33460,"Minneapolis-St. Paul-Bloomington, MN-WI Metro Area"
40140,"Riverside-San Bernardino-Ontario, CA Metro Area"
45300,"Tampa-St. Petersburg-Clearwater, FL Metro Area"
19740,"Denver-Aurora-Lakewood, CO Metro Area"
41740,"San Diego-Chula Vista-Carlsbad, CA Metro Area"
41180,"St. Louis, MO-IL Metro Area"
12580,"Baltimore-Columbia-Towson, MD Metro Area"
38300,"Pittsburgh, PA Metro Area"
16740,"Charlotte-Concord-Gastonia, NC-SC Metro Area"
38900,"Portland-Vancouver-Hillsboro, OR-WA Metro Area"
36740,"Orlando-Kissimmee-Sanford, FL Metro Area"
41700,"San Antonio-New Braunfels, TX Metro Area"
17140,"Cincinnati, OH-KY-IN Metro Area"
17460,"Cleveland-Elyria, OH Metro Area"
12420,"Austin-Round Rock-Georgetown, TX Metro Area"
28140,"Kansas City, MO-KS Metro Area"
40900,"Sacramento-Roseville-Folsom, CA Metro Area"
18140,"Columbus, OH Metro Area"
29820,"Las Vegas-Henderson-Paradise, NV Metro Area"
26900,"Indianapolis-Carmel-Anderson, IN Metro Area"
4701740,"Arlington town, Tennessee"
4703440,"Bartlett city, Tennessee"
4716420,"Collierville town, Tennessee"
4728960,"Germantown city, Tennessee"
4740350,"Lakeland city, Tennessee"
4748000,"Memphis city, Tennessee"
4749060,"Millington city, Tennessee"
4700000,Unincorporated county
